店名,地址,评论,口味,环境,服务,总分数
 月满大江千层肚火锅(武侯祠店) , 通祠路8号（如家酒店楼下） ,14001,9.1,9.1,9.1,10.0
 饕林餐厅(武侯祠店) , 浆洗街15号附5号浆西荟商场2楼 ,13025,9.0,9.0,9.1,10.0
 陶德砂锅(营门口店) , 一环路西三段279号昭艺大厦一楼（四川省文化馆旁） ,10570,9.1,9.1,9.2,10.0
 烤匠麻辣烤鱼(IFS店) , 红星路三段1号成都IFS国际金融中心商场7楼L707号 ,23725,9.0,9.0,8.9,9.85
 陶德砂锅(蜀汉路店) , 蜀汉路494号附2号 ,16918,9.0,8.8,9.1,9.85
 川西坝子火锅(清江东路3.0直营店) , 清江东路8号附46号-48号 ,15785,8.9,9.0,9.0,9.85
 烤匠麻辣烤鱼(万象城店) , 双庆路8号万象城A馆3楼351号 ,10740,9.0,8.8,9.0,9.85
 回水镇江湖川菜(太古里店) , 武成大街7号-9号 ,9677,9.0,8.9,8.9,9.7
 饕林餐厅(春熙路店) , 学道街81号中电大厦1楼 ,26774,8.9,8.8,9.0,9.7
 五里关火锅(五里墩店) , 营康路4号附1号 ,13169,9.0,8.4,9.0,9.55
 五里关火锅(小关庙店) , 小关庙街45号附12号 ,17449,9.0,8.5,9.0,9.55
 海底捞火锅(春熙路群光广场店) , 春熙路南段8号1栋9楼9A-04A ,7710,9.1,9.1,9.1,9.45
 烤匠麻辣烤鱼(龙湖西宸天街店) , 花照壁西顺街399号首开龙湖成都西宸天街A馆4楼36-38号 ,7288,9.1,9.0,9.0,9.45
 龙翔山庄雷鸡肉(青城山店) , 青城后山泰安古镇 ,8830,9.1,9.1,9.2,9.45
 将军府壹号·鸡毛店(人民公园店) , 将军街1号达州宾馆二楼 ,8865,9.0,9.0,9.1,9.45
 吼堂老火锅(太古里总店) , 东大街下东大街段166号1-3层 ,21948,8.9,8.9,8.8,9.399999999999999
 原乡漫生活咖啡牛排馆(海棠湾店) , 金河路六段海棠湾4015号2楼 ,7994,8.9,9.0,9.0,9.3
 生如夏花泰式海鲜火锅(万象城店) , 双庆路8号万象城A馆5层555号 ,8595,9.0,9.0,8.9,9.3
 都氏二当家(ifs旗舰店) , 红星路三段1号IFS国际金融中心7楼L706号 ,8963,8.8,9.1,9.0,9.3
 陶德砂锅(双楠店) , 置信路3号 ,8467,9.0,8.9,9.1,9.3
 川西坝子火锅(金沙1.0直营店) , 黄苑街6号 ,10055,8.6,8.8,8.8,9.25
 生如夏花泰式火锅(龙湖西宸店) , 中环路一品天下大街段首开·龙湖成都西宸天街购物中心5楼03号（近地铁7号线茶店子站C口） ,7723,8.9,9.0,8.9,9.15
 匠和风精致料理(悠方店) , 交子大道悠方购物中心五楼L536 ,7721,8.9,8.9,9.0,9.149999999999999
 小龙翻大江文化火锅(太古里店) , 东大街下东大街段香槟广场3层 ,11217,8.4,9.1,8.5,9.100000000000001
 小龙翻大江文化火锅(宽窄店) , 窄巷子28号 ,16228,8.4,9.1,8.4,9.100000000000001
 味之绝美蛙鱼火锅(科华总店) , 科华北路40号附3号（美天酒店旁） ,12390,8.8,8.4,8.6,9.1
 玥轩YUE HIN(IFS国际金融中心店) , 红星路三段1号成都国际金融中心成都尼依格罗酒店2楼 ,7717,8.7,9.0,8.9,9.0
 生如夏花泰式火锅(西村欢聚店) , 贝森北路西村大院3号楼2楼210-4号 ,9474,8.8,8.9,8.9,9.0
 饕林餐厅(奎星楼店) , 奎星楼街16号附9号（汉庭酒店对面） ,10999,8.8,8.3,8.7,8.95
 大龙燚火锅HOYO店(太古里店) , 东大街下东大街段166号二层 ,14053,8.6,8.5,8.6,8.95
 盡膳口福跷脚牛肉火锅(科华北路店) ," 科华北路50号（川大望江校区地铁站D口出来往一环路磨子桥方向步行300米,川大西门天桥正对面） ",10134,8.6,8.6,8.6,8.95
 巴蜀大将火锅(春熙店) , 城守街88号 ,12650,8.7,8.5,8.7,8.95
 鸡毛店·川菜(东郊记忆店) , 建设南路93号附1号东郊记忆北大门公交站处 ,6456,9.0,9.0,9.1,8.9
 生如夏花泰式火锅(鹭洲里店) , 桂溪街道天府二街1033号建发鹭洲里闲里四楼4009号(高新伊藤洋华堂对面) ,7049,9.0,9.1,9.0,8.9
 海底捞火锅(世豪广场店) , 剑南大道中段998号世豪广场1栋5层C507号 ,6958,9.0,9.1,9.2,8.9
 海底捞火锅(阳光新业店) , 一环路东五段87号阳光新业中心6-7F ,9623,8.4,8.9,9.1,8.85
 蜀大侠火锅(春熙店) , 东大街上东大街段春南商场2楼 ,16556,8.7,8.6,8.4,8.8
 四千高原·云南菜(武侯店) , 高升桥东路8-16号4号楼1层4-103附1号 ,6774,8.9,9.0,9.0,8.75
 烤匠麻辣烤鱼(龙湖滨江店) , 杉板桥路266号龙湖滨江天街4层15号商铺 ,5976,9.0,8.9,9.0,8.75
 朴田泰式火锅(中粮鸿云悦街店) , 汇源北路333号中粮鸿云悦街3楼 ,6220,9.0,9.1,8.9,8.75
 如在蜀毛肚火锅(玉林店) , 玉林南路15号玉林生活广场一楼 ,6454,9.0,8.9,9.0,8.75
 大鸭梨烤鸭(仁和新城店) , 府城大道西段505号仁和新城购物中心C座4层 ,9462,8.7,8.8,8.7,8.7
 集渔·泰式海鲜火锅(太古里晶融汇店) , 东大街下东大街段169号（晶融汇二期一楼） ,18803,8.4,8.5,8.4,8.65
 巴蜀大将火锅(武侯祠店) , 浆洗街通祠路28号 ,10568,8.3,8.7,8.4,8.65
 小饕荟雅安贡椒鱼鲜馆(广福桥店) , 广福路5号附34号 ,6962,9.1,8.7,9.1,8.600000000000001
 烤匠麻辣烤鱼(仁和新城店) , 府城大道西段505号仁和新城购物中心5楼504号 ,6114,9.0,8.8,8.9,8.6
 都氏二当家(仁和新城店) , 府城大道西段505号仁和新城5楼519号(地铁五号线C2出口/市一医院对面)（电影院旁） ,7450,8.4,9.0,8.4,8.55
 蜀大侠火锅(天府三街店) , 天府三街新希望b座二楼(招商银行楼上) ,8573,8.9,8.7,8.4,8.55
 竹涟烧肉(太古里店) , 东大街下东大街段66号崇德里国际社区内 ,8593,8.8,8.7,8.5,8.55
 烤匠麻辣烤鱼(环球中心店) , 石羊街道天府大道北段1700号新世纪环球中心4楼(电影院购票处) ,7216,8.6,8.7,8.6,8.55
 园里火锅(府城大道店) , 府城大道西段505号仁和春天国际广场C座3层（近地铁5号线市一医院站C2口） ,7874,8.3,9.1,8.6,8.549999999999999
 川西坝子火锅(羊犀2.0直营店) , 蜀西路46号盛大国际2栋 ,8456,8.5,8.8,8.8,8.549999999999999
 集渔·泰式海鲜火锅(科华店) , 跳伞塔街道锦绣路36号2楼（川大望江校区地铁站B出口） ,13375,8.3,8.4,8.5,8.5
 曼奈·肉桂厨房(宽窄巷子店) , 吉祥街23号1层附5-6号 ,10443,8.5,8.3,8.5,8.5
 蜀大侠火锅(总府路店) , 商业场街1号2层 ,11728,8.5,8.4,8.3,8.5
 烤匠麻辣烤鱼(春熙路群光广场店) , 春熙路南段8号群光广场9楼 ,15435,8.5,8.4,8.3,8.5
 小龙坎火锅(春熙太古里店) , 东大街下东大街段36号郁金香花园广场2F（近太古里） ,13969,8.5,8.4,8.3,8.5
 蜀大侠火锅(西玉龙店) , 西玉龙街18号 ,13882,8.5,8.4,8.3,8.5
 如在蜀毛肚火锅(春熙路店) , 东大街上东大街段246号1层 ,7128,9.0,8.9,8.8,8.45
 海底捞火锅(金牛凯德店) , 交大路183号凯德广场二期5层25、26号 ,5631,8.6,8.9,9.0,8.45
 海底捞火锅(龙湖三千集店) , 建设北路三段2号龙湖三千集3层 ,5994,8.5,9.0,9.2,8.45
 红辣椒·川菜·火锅(科华路店) , 长荣路56号泛悦国际3号楼2层2-6号铺(近科华中路) ,5902,8.7,8.9,9.1,8.45
 大院河·仙鱼莊(琉璃旗舰店) , 锦华路街道琉三路16号附29号（琉三路地铁站C口步行350米） ,6055,8.8,9.1,8.8,8.45
 蜀锦嬉自助餐厅(成都首座万豪酒店) , 锦晖东街与天府大道北段交叉口东北角999号首座万豪酒店5层 ,5788,8.5,9.1,9.0,8.45
 赞酱川式烤肉(红光店) , 红佳路18号蜗牛郡广场二楼（沃尔玛正门楼上） ,6299,8.8,8.7,9.0,8.45
 鸡毛店·川菜(玉林店) , 玉林西路167号玉林新天地广场1楼 ,9243,8.8,8.6,8.5,8.4
 生如夏花泰式海鲜火锅(龙湖滨江天街店) , 杉板桥路龙湖滨江天街购物中心5楼19-20号 ,4613,9.1,9.0,9.0,8.350000000000001
 四千高原·云南菜(天府二街店) , 天府二街云泰行商业中心2楼 ,4792,9.1,9.1,9.1,8.350000000000001
 牛水煮·牛肉水煮·川小馆(天府三街旗舰店) , 天府三街69号新希望国际B座广场2楼(招商银行楼上) ,10383,8.3,8.3,8.5,8.350000000000001
 赞酱川式烤肉(蜀都万达直营店) , 檬柏西路91号 ,13256,8.3,8.3,8.4,8.350000000000001
 重庆矮板凳老火锅(犀浦店) , 兴业南街31-33号1-2层 ,5277,9.0,9.0,9.0,8.350000000000001
 蜀大侠火锅(中坝店) , 光华北三路178号附202号 ,6060,8.8,8.8,8.6,8.299999999999999
 小龙坎火锅(全球旗舰店) , 东大街下东大街段蓝光·时代华章2楼 ,17094,8.4,8.4,8.2,8.2
 La Terre乐田(仁和新城店) , 府城大道西段505号仁和新城购物中心B座1楼151号（唐宫楼下） ,4984,8.9,9.1,9.1,8.2
 赤宴(玉林店) , 兴蓉东巷12-14号 ,5024,9.0,8.8,9.0,8.2
 马旺子(太古里店) , 东糠市街1号 ,24171,8.2,8.6,8.4,8.2
 烤匠麻辣烤鱼(来福士店) , 人民南路四段3号来福士广场负1楼B127号食光阁内 ,6493,8.9,8.7,8.6,8.15
 锦城印象火锅(玉林店) , 倪家桥路9号(九和楼下) ,6524,8.7,8.8,8.7,8.15
 Lian尚莲越泰料理(太古里店) , 中纱帽街8号成都远洋太古里25栋2层2320号商铺 ,5867,8.6,8.9,8.7,8.15
 匠和风精致料理(龙湖滨江天街店) , 杉板桥路滨江天街5F（龙湖成都滨江天街购物中心内） ,5935,8.8,8.7,8.8,8.15
 锦城印象火锅(彩虹店) , 武侯祠大街19号(近彩虹桥头) ,8423,8.5,8.4,8.4,8.1
 飞火令西昌自助烤肉(润扬双铁店) , 学园路13号附6犀浦润扬双铁广场美食街 ,7480,8.4,8.3,8.7,8.1
 青城甲(青城山店) , 渠山路上元社区6组52号附2号 ,8916,8.4,8.4,8.4,8.1
 俏媳妇火锅(宽窄巷子店) , 支矶石街28号成都画院对面 ,7716,8.5,8.5,8.4,8.1
 Muben末本意大利餐厅·臻选(大悦城店) , 大悦路大悦城商场一楼一号门旁边30米处（不进商场，面对1号门右手边） ,4591,8.6,9.0,9.1,8.05
 卢记正街饭店·川湘菜 , 玉洁巷1号 ,11438,8.2,8.3,8.5,8.05
 金牌泰香米(成都银泰中心店) , 天府大道北段1199号银泰中心8F ,5067,8.9,9.0,8.9,8.05
 苏坦中东料理·清真·西餐(太古里店) , 中纱帽街8号成都远洋太古里东里28栋2楼2307B商户（阿迪达斯旁上电梯后左手边） ,10533,8.1,8.5,8.4,8.05
 雍容荟帝王蟹波龙海鲜盛宴(苏宁奥莱店) , 天府大道北段8号苏宁广场城市奥特莱斯5楼509号 ,10183,8.2,8.3,8.4,8.05
 味之绝美蛙鱼火锅(建设路店) , 建设路2号附10号 ,4969,9.0,8.7,9.0,8.05
 蓉记香辣蟹爬爬虾(宽窄巷子店) , 西安南路146号附8号 ,12404,8.5,8.3,8.2,8.049999999999999
 玛歌庄园火锅(五龙山店) , 024乡道与叠秀路交叉口东南方向50米（百花谷2号停车场对面） ,9634,8.2,8.4,8.3,8.049999999999999
 唐宫小聚·港式点心(太古里水璟唐店) , 锦官驿街1号5栋1号 ,9632,8.2,8.6,8.3,8.049999999999999
 饕林餐厅(太古里东升店) , 东升街58号 ,15149,8.4,8.2,8.3,8.049999999999999
 大鸭梨烤鸭(天荟·万科广场店) , 杉板桥路万科天荟城市广场1栋1单元3楼 ,6509,8.5,8.9,8.6,8.0
 大龙燚火锅(科华店) , 玉林街道科院街5号(近领事馆路棕北中学) ,6161,8.8,8.5,8.8,8.0
 禄合門美蛙火锅(太古里店) , 天仙桥北路1号1栋1层2号二层（东门码头对面） ,6187,8.8,8.6,8.6,8.0
 巴蜀大宅门火锅(北门大桥店) , 草市街街道北大街91号(近四川书市) ,8672,8.5,8.3,8.4,7.95
 大龙燚火锅(玉林总店) , 二环路南三段9号附3号（玉林生活广场旁） ,7342,8.4,8.3,8.4,7.95
 川西坝子火锅(华阳2.0直营店) , 正北下街115-135号（城市丽景酒店正对面） ,9449,8.3,8.4,8.4,7.949999999999999
 椰妹·椰子鸡火锅(武侯大悦城店) , 大悦路518号成都大悦城4楼23号铺（地铁3号线川藏立交站D出口） ,7656,8.3,8.4,8.4,7.949999999999999
 不站·花胶鸡(优品道店) , 中环路青羊大道段与东坡路交叉口西北角 ,5378,9.0,8.9,8.7,7.9
 和幸(春熙路群光广场店) , 春熙路南段8号群光广场8楼 ,13423,8.2,8.3,8.3,7.9
 川渝味腊排铜锅家常菜(街子古镇店) , 朝阳路212号 ,4554,8.9,8.7,9.0,7.9
 正禾鲜·潮汕牛肉火锅(仁和新城店) , 高新区府城大道西段505号仁和新城5楼513号 ,5007,8.9,8.8,8.9,7.8999999999999995
 不站·花胶鸡(桐梓林店) , 桐梓林北路6号附19号二楼 ,6820,8.6,8.7,8.4,7.8500000000000005
 味之绝美蛙鱼火锅(太古里店) , 东大街下东大街段36号郁金香花园广场味之绝1楼136号 ,6586,8.6,8.4,8.6,7.8500000000000005
 画厨CAFE(川大店) , 科华街5号附1号【近蓝色加勒比广场】 ,6051,8.3,8.8,8.7,7.8500000000000005
 缘贡自贡菜·川菜馆(春熙路店) , 学道街87-1号（饕林餐厅左侧20米） ,5729,8.8,8.5,8.5,7.85
 岚山·炭火烤肉料理(世纪城店) ," 天府大道中段500号东方希望天祥广场1栋2F（世纪城地铁B出口南行150米,小龙坎隔壁） ",3795,9.1,9.0,9.1,7.800000000000001
 武士的牛·纯血和牛烧肉(双楠店) , 逸都路153号（鹭岛国际100米） ,4182,9.1,9.0,9.2,7.800000000000001
 额尔敦必福牛匠(冻青树总店) , 冻青树街89号（太升南路地铁站B口步行270米） ,7238,8.5,8.3,8.3,7.800000000000001
 碳楽·满腹和牛烧肉店(保利中心店) , 锦绣路1号附33号保利中心B座（近领事馆，近科华北路，近倪家桥地铁站） ,4299,9.2,9.1,9.2,7.800000000000001
 岚山·炭火烤肉料理(世纪城店) ," 天府大道中段500号东方希望天祥广场1栋2F（世纪城地铁B出口南行150米,小龙坎隔壁） ",3795,9.1,9.0,9.1,7.800000000000001
 将军府壹号·鸡毛店(紫荆店) , 紫薇东路76、78号（神仙树地铁站F出口东南200米） ,3615,9.1,9.1,9.2,7.800000000000001
 皇城熙客?巴蜀大牌档(太古里店) , 三圣街20号 ,7508,8.3,8.3,8.4,7.8
 巴蜀大将火锅(ifs概念店) , 红星路三段10号第一城B座2楼 ,9450,8.3,8.3,8.4,7.8
 曼奈·肉桂厨房(光华店) , 群宁街10号 ,9378,8.7,8.2,8.4,7.8
 乐山胖哥跷脚牛肉(东风路总店) , 东风路北一巷新1号附10号 ,7252,8.9,8.1,8.5,7.8
 烤匠麻辣烤鱼(in99银泰店) , 石羊街道天府大道北段1199号(银泰中心in99L7层) ,5487,8.9,8.8,8.6,7.75
 烤匠麻辣烤鱼(伊藤店) , 喜树街35号伊藤广场6楼L609号 ,4569,8.9,8.8,8.6,7.75
 富力丽思卡尔顿酒店·丽轩中餐厅 , 顺城大街269号成都富力丽思卡尔顿酒店26层 ,4711,8.4,9.1,8.9,7.75
 Wehouse维豪斯西餐(银泰中心in99店) , 天府大道北段1199号银泰中心in997层718号 ,15622,8.2,8.6,8.2,7.749999999999999
 陈麻婆豆腐(旗舰店) , 青华路10号附10-12号 ,16490,8.2,8.4,8.2,7.749999999999999
 天府掌柜(九眼桥店) , 锦官驿街1号水锦界8栋1号（香格里拉酒店旁） ,10650,8.2,8.4,8.2,7.749999999999999
 鸡毛店·川菜(李家沱店) , 二环路北四段9号高车一路汇融名城D区 ,7164,8.7,8.4,8.4,7.7
 蜀大侠火锅(建设路第五大道店) ," 建设路26号附274号（德克士隔壁,近电子科大万人公寓） ",6143,8.7,8.4,8.4,7.7
 TAVIE LAND塔未 , 日月大道一段1号外南侧 ,4178,8.8,9.1,9.0,7.65
 堂前燕·川菜 , 浆洗街29号万里号一楼 ,3744,9.1,8.8,9.0,7.65
 南堂馆·新川菜(春熙路店) , 人民南路二段1号仁恒置地广场购物中心1栋4层424A号 ,4286,8.8,9.1,9.0,7.65
 蜀镇老火锅(双楠直营店) , 武侯大道双楠段209号附5号（蜀镇印象酒店旁） ,4097,9.0,8.8,9.0,7.65
 么哈(科华北路店) , 科华北路60号SOHO沸城B座2层201号 ,8079,8.3,8.3,8.3,7.65
 8号火锅中餐厅(成都群光君悦酒店) , 春熙路南段8号成都群光君悦酒店16层 ,3892,8.8,9.1,9.0,7.65
 三岔口·烤肉(建设路店) , 建设路26号附242号4栋1单元1层33号 ,3630,9.1,8.8,9.1,7.65
 海底捞火锅(成都大悦城店) , 大悦路518号大悦城购物中心2栋5-6层 ,4966,8.6,8.7,8.9,7.6000000000000005
 重庆矮板凳老火锅(航空港店) , 临港路四段蓝光·空港国际城一楼122号 ,19223,8.3,8.2,8.2,7.6
 inns·隐是 餐吧 , 人民南路四段上善国际北区负1层（近地铁1号线桐梓林站B口） ,5166,8.5,8.9,8.9,7.6
 太食獸泰式茶餐厅(万象城店) , 双庆路万象城A馆1楼151号 ,11898,8.2,8.3,8.2,7.6
 大院河·仙鱼莊(九眼桥店) , 宏济新路281-285号 ,6300,8.6,8.6,8.3,7.550000000000001
 鳗满·活烤鳗鱼专门店(成都桐梓林店) , 人民南路四段46号附27号上善国际一楼 ,6611,8.4,8.3,8.6,7.55
 巴蜀大将火锅(IFS店) , 红星路三段10号第一城B座3楼（ifs广场熊猫正对面） ,6300,8.4,8.4,8.4,7.55
 拾谷西餐(天府三街店) , 天府三街88号大源中心一幢2层201室 ,4060,8.6,9.1,9.0,7.5
 全福居老北京涮羊肉(华阳店) , 滨河路一段113-115号 ,10232,8.3,8.1,8.2,7.45
 BURANO布拉诺西餐(环球中心店) , 天府大道北段1700号环球中心4楼B14号 ,4830,8.5,8.8,8.7,7.45
 吃城都·鱼蛙火锅(西玉龙街店) , 西玉龙街12号 ,5374,8.9,8.6,8.7,7.45
 隐家炭火烧鸟(太古里店) , 望平街25号香香巷内 ,6110,8.3,8.3,8.6,7.400000000000001
 小龙坎火锅(盐市口店) , 大业路47号 ,6304,8.4,8.5,8.3,7.4
 大彤集老火锅 , 福德路29号(成都市四十四中旁) ,7001,8.4,8.4,8.3,7.4
 悦百味·品质川菜(UPARK公园店) , 富华北路666号UPARK公园B栋2层208号 ,4376,8.9,9.0,8.8,7.3500000000000005
 老码头火锅(春熙店) , 红星路四段51号星城银座2层 ,9104,8.2,8.3,8.3,7.35
 龙森园火锅(琴台路店) , 少城街道琴台路60号 ,9168,8.2,8.3,8.3,7.35
 鸡毛店·川菜(双楠店) , 双楠街172号 ,4581,8.7,8.5,8.6,7.300000000000001
 孔干饭(红星路店) , 星辉东路2号附1号兴顺花苑一层（红星路地铁D口出口） ,5122,8.6,8.4,8.6,7.300000000000001
 竹涟烧肉(光环店) , 东大路333号成都光环购物公园5栋L4层05号 ,5026,8.8,8.6,8.4,7.3
 凛火烧鸟酒场(高新店) , 天府二街建发鹭洲里A区周大福门口观光电梯上四楼 ,4649,8.3,8.7,8.9,7.3
 柴门饭儿(成都太古里店) , 中纱帽街8号远洋太古里8栋中里1层1243b ,14293,8.1,8.3,8.1,7.3
 集渔·泰式海鲜火锅(建设店) , 建设路2号附3号国光大厦2楼（大门在1楼耐克旁） ,10456,8.2,8.2,8.2,7.299999999999999
 凉山好汉自助西昌烧烤(太古里店) , 红星路四段25号附23号二楼 ,12023,8.2,8.2,8.2,7.299999999999999
 岷山饭店·THE RIVER HOUSE西餐厅 , 人民南路二段55号21楼 ,3371,9.0,9.1,9.2,7.25
 锦城印象火锅(高新天府三街店) , 桂溪街道高新区天府三街286号(南堂馆一楼) ,3077,9.0,9.1,9.0,7.25
 海底捞火锅(凯德天府店) , 天仁路388号凯德天府6层17-18号 ,3057,9.0,9.0,9.0,7.25
 蜀香麻麻鱼·芋儿鸡(都江堰店) , 莲花南路49号、51号（兰花村小区对面） ,5648,8.7,8.2,8.4,7.25
 酒本日式烧肉专门店(静安路店) , 静安路69号 ,4459,8.9,8.8,8.8,7.2
 麻辣空间·清油火锅(万科魅力店) , 万科路19号1栋2楼211号（近成都东站900米） ,4175,8.8,8.7,8.9,7.2
 锦城印象火锅(高新德商国际店) , 益州大道北段913号德商国际B座1层1-3号 ,4511,8.9,8.9,8.7,7.2
 Tivano意大利餐厅(笔帖式街店) , 锦官驿街道笔帖式街81号博舍酒店负一楼(春熙路太古里内) ,3765,8.3,9.1,9.0,7.2
 樂猪烤肉(成都合生汇店) , 光华大道三段1588号合生汇4楼L410 ,4752,8.4,8.5,8.6,7.15
 猫抓烤肉(凯德广场店) , 都会路凯德广场4楼 ,4588,8.5,8.6,8.6,7.15
 成都吃客(奎星楼店) , 奎星楼街10号附3号 ,17025,8.3,7.8,8.2,7.15
 张烤鸭·川菜·非遗冒烤鸭(青石桥店) , 古卧龙桥街青石桥室内农贸市场第3层1号 ,10824,8.2,8.1,8.2,7.1499999999999995
 霸王虾·小龙虾江湖川菜(太古里店) , 东大街下东大街段166号二层（吼堂老火锅对面） ,6776,8.3,8.3,8.3,7.100000000000001
 鮨秀吉日式料理(新都店) , 香城北路8号附208号 ,5760,8.3,8.3,8.3,7.100000000000001
 海底捞火锅(王府井店) , 科华中路2号王府井购物中心4层L04009号 ,3173,8.8,9.0,9.0,7.1
 味之绝美蛙鱼火锅(耍都店) , 染靛街1号附3号（万里号旁） ,3201,9.1,8.9,9.1,7.1
 许家菜(望江店) , 望江路1号格林威治广场8幢附1号(近望江公园) ,3528,8.9,9.0,9.0,7.1
 竹涟烧肉(西宸天街店) , 西顺街399号首开·龙湖西宸天街购物中心6楼-13号(地铁7号线茶店子站C口) ,3828,9.0,8.6,8.8,7.050000000000001
 不站·花胶鸡(攀成钢店) , 上沙河铺街66号COSMO天廊D2 ,4065,8.7,8.8,8.6,7.05
 唐宫·粤菜海鲜(高新仁和新城店) , 府城大道西段505号仁和新城C座2层 ,7538,8.1,8.4,8.2,7.05
 首尔朴宝·炭火烤肉(金沙店) , 金沙街道金阳路21号一楼（地铁7号线金沙博物馆D出口向西80米） ,4323,8.7,8.5,9.0,7.05
 钦善斋·养生膳食(武侯祠店) , 武侯祠大街247号（成都武侯祠博物馆西南80米处） ,9260,8.2,8.3,8.2,7.049999999999999
 唐宫·粤菜海鲜(人民南路店) , 人民南路四段48号万丽首座酒店2层 ,8234,8.2,8.3,8.2,7.049999999999999
 丁海记粤式大排档(春熙店) , 南府街53号 ,7988,8.3,8.2,8.2,7.049999999999999
 孔干饭(清江东路店) , 清江东路59号 ,4756,8.4,8.3,8.6,7.000000000000001
 三国义府火锅(武侯祠总店) , 武侯祠大街113号附1号 ,5457,8.4,8.6,8.4,7.0
 大龙燚火锅(花牌坊店) , 金仙桥路1号中天商厦1楼 ,4780,8.5,8.6,8.5,7.0
 蜀大侠火锅(动物园概念店) , 荆竹中路华润熙悦广场13栋2层201-205号 ,5312,8.5,8.6,8.4,7.0
 姜虎东白丁烤肉(ifs国际金融店) , 红星路三段1号IFS国际金融中心6层618 ,12094,8.1,8.2,8.1,7.0
 嘉州叶婆婆钵钵鸡(太古里店) , 油篓街68号（成都太古里亚朵S酒店对面） ,24696,8.1,8.2,8.1,7.0
 比萨先生PIZZAMAN , 吉祥街33号附6号 ,5377,8.3,8.4,8.6,7.0
 味之绝美蛙鱼火锅(华阳二店) , 广都上街179号（输气大厦对面） ,12303,8.2,8.0,8.1,7.0
 园里火锅(天府三街店) , 天府三街大源国际中心B1栋3层 ,6965,8.0,9.0,8.3,6.950000000000001
 饭团匠·料理小食堂(总店) , 紫荆巷26号紫荆社区 ,2985,9.0,8.7,9.0,6.95
 翠园(成都太古里店) , 中纱帽街8号成都远洋太古里东里2层2336、2339 ,7059,8.2,8.5,8.3,6.949999999999999
 廊桥THE BRIDGE , 锦官驿街道滨江东路66号(近香格里拉酒店) ,4078,8.3,9.0,8.8,6.9
 小龙坎火锅(新中兴店) , 东大街上东大街段2号新中兴广场1栋2层2号 ,4300,8.6,8.8,8.5,6.8999999999999995
 石灰石烧鸡公(太古里店) , 三圣街58号附1号 ,7888,8.3,8.0,8.2,6.8999999999999995
 永乐饭店 , 肖家河中街36号 ,8778,8.3,8.0,8.2,6.8999999999999995
 岐余食堂(总店) , 玉成街14号（近马家巷） ,5139,8.4,8.3,8.4,6.8500000000000005
 都氏二当家(翡翠城店) , 东湖街道琉璃路678号附4号翡翠天地别墅群内（中国银行斜对面） ,5447,8.2,9.0,8.3,6.85
 滨寿司(春熙路店) , 春熙路东段1号阳光百货商厦3楼 ,6632,8.3,8.3,8.2,6.800000000000001
 渝九香(武侯祠店) , 肖家河街道兴蓉东巷4号(地铁3号线衣冠庙站A出口直走100米兴蓉东巷右侧50米) ,6739,8.4,8.1,8.3,6.800000000000001
 甜叔叔西餐厅 , 纯阳观街1号乘风大厦2楼（一百酒店对面） ,7167,8.1,8.3,8.1,6.750000000000001
 成都瑞吉酒店·秀餐厅 , 太升南路88号成都瑞吉酒店4楼 ,4183,8.2,8.8,9.0,6.75
 柳飘飘亚洲烤肉集合店(温江店) , 锦泉街德昆·新天地一楼（中国工商银行隔壁） ,7695,8.2,8.2,8.2,6.749999999999999
 ZHAO赵·牛扒坊(万科天荟店) , 杉板桥路369号万科天荟1楼021号赵牛排 ,2479,9.1,9.2,9.2,6.7
 蜀镇老火锅(龙腾店) , 龙腾中路1号4幢1楼8号 ,2404,9.1,9.1,9.1,6.7
 BURANO布拉诺西餐(滨江天街店) , 杉板桥路266号龙湖滨江天街4楼35-36号 ,2722,9.1,9.1,9.1,6.7
 御苑精品川菜馆(锦江店) , 龙舟路秀城大厦2楼59号附1号 ,2457,9.1,9.0,9.1,6.7
 莲·中餐厅(成都首座万豪酒店) , 天府大道北段999号 ,2401,9.1,9.2,9.2,6.7
 山海烧肉(铁像寺路店) , 铁象寺路169号 ,2732,9.1,9.1,9.1,6.7
 蜀镇老火锅(龙腾店) , 龙腾中路1号4幢1楼8号 ,2404,9.1,9.1,9.1,6.7
 成都宴(桐梓林店) ," 人民南路四段46号上善国际北二层（为了更好的服务您,请您致电或微信联系客服xy504884514提前安排） ",2981,8.4,9.0,8.9,6.6499999999999995
 享月·汤皇(橡树林店) , 橡树林东路15号附201号 ,3864,8.4,8.7,8.5,6.6000000000000005
 袁老四老火锅(东大街店) , 东大街下东大街段36一层125、126、127号 ,9510,8.1,8.3,8.0,6.6000000000000005
 老龙亭拉面店 , 东大街蓝光郁金香广场一楼最里面（下东大街36号附12号） ,4258,8.8,8.1,9.0,6.6000000000000005
 萨芭蒂高空花园餐酒吧 , 林荫街7号华西大厦B座2单元1902（大海湾，地震局旁边） ,4041,8.3,8.8,8.4,6.6
 大院河·仙鱼莊(羊犀店) , 金周路531号（中海国际、羊犀立交、茶店子） ,3962,8.5,8.8,8.3,6.6
 南山木槿韩国料理·烤肉(芳草街店) , 芳草街4号附6号 ,4215,8.3,8.3,9.0,6.6
 凉山好汉自助西昌烧烤(高新店) , 剑南大道中段710-714号（清凤时代城2号楼1楼底商） ,9010,8.3,7.9,8.1,6.6
 皇城老妈(皇城店) , 二环路南三段20号 ,8216,7.9,8.3,8.2,6.6
 汉巴味德(大悦城店) , 大悦路518号成都大悦城5层（距地铁3号线川藏立交站D口步行565m） ,9404,8.1,8.2,8.2,6.6
 园里火锅(东郊记忆店) , 杉板桥路369号天荟万科城市广场1栋6单元3楼1-6号 ,4547,8.3,9.1,8.3,6.6
 不二·民谣音乐餐酒吧(九眼桥店) , 丝管路66号 ,4369,8.4,8.8,8.3,6.6
 天星正源火锅(地勘路店) , 地勘路1号附48号 ,8409,8.3,8.0,8.0,6.6
 匠岳·王宝器麻椒鱼(全国总店) , 晋吉北路112号（彩虹桥幼儿园对面） ,4876,8.7,8.3,8.2,6.550000000000001
 obibi蜀色茶颜(奎星楼店) , 奎星楼街16号附4 ,5142,8.3,8.3,8.3,6.550000000000001
 兰正韩·韩国料理(春熙路店) , 青石桥北街44号米瑞购物广场5楼（走天桥这边直达电梯） ,9630,8.0,8.1,8.1,6.550000000000001
 龙山烧肉(万象城店) , 双林中横路79号 ,9989,8.1,8.1,7.9,6.550000000000001
 蓉和妈妈菜·芙蓉花开(高新店) , 梓州大道4507号202室 ,5187,8.3,8.3,8.3,6.550000000000001
 谷焱大牛烧肉(草市街店) , 草市街街道草市新街1-2-13号时代印象美食广场内(北东街1号1栋1单元1层7号) ,2787,9.1,8.8,9.1,6.55
 苏坦土耳其西餐厅(玉林店) , 芳华街25号附12号（HYGGE Life.来福旁） ,5411,8.2,8.5,8.4,6.55
 嘉州叶婆婆钵钵鸡(人民南路总店) , 人民南路4段20号附1号（倪家桥地铁站A口北行30米） ,9757,8.0,8.2,8.0,6.55
 一善·菌飧云南菌子火锅(银泰城店) , 益州大道1999号银泰城5L-5035（近8号电梯） ,2319,9.1,8.9,9.1,6.55
 冒椒火辣(太古里店) , 惜字宫南街4号3栋附1号 ,11167,8.1,7.9,8.0,6.55
 泰香米泰国餐厅(环球中心店) , 天府大道北段1700号环球中心4楼B12室 ,6166,8.2,8.3,8.2,6.5
 小紅袍龙虾馆(桐梓林店) , 新光路1号 ,5668,8.2,8.3,8.2,6.5
 凛火炭火烧鸟酒场(桐梓林店) , 紫薇东路127号（清华坊底商） ,3590,8.6,8.4,9.0,6.5
 The bon House李本家(玉林生活广场店) , 玉林南路15号玉林生活广场1楼（1号电梯旁） ,6276,8.2,8.0,8.4,6.5
 画厨CAFE(西宸天街店) , 花照壁西顺街399号首开龙湖西宸天街购物中心1楼10号（近地铁7号线茶店子站C口） ,3835,8.4,8.6,8.5,6.45
 麻辣空间·清油火锅(武侯祠店) , 通祠路39号一江城花2楼(近武侯祠) ,8287,8.2,8.1,8.1,6.45
 谭鸭血老火锅(太古里店) , 东大街下东大街段166号三圣街68号园一层附171-176、179-182号 ,17704,8.0,8.1,8.0,6.4
 BURANO布拉诺西餐(春熙路群光广场店) , 春熙路南段8号群光广场9楼 ,2710,8.6,9.0,9.0,6.4
 宴御海鲜姿造(桐梓林店) , 人民南路四段46号上善国际北三楼（地铁1号线桐梓林站B出口旁） ,4795,8.2,8.4,8.3,6.4
 無早小食 , 青莲上街5号附2号 ,5069,8.2,8.5,8.3,6.4
 MONDOLI , 天仙桥南路8号附10号 ,6189,8.2,8.3,8.1,6.3500000000000005
 麓轩·Luxexuan(麓湖店) , 润朗路98号麓湖游艇俱乐部内一楼 ,3208,8.4,8.9,8.6,6.35
 藏炭烧肉屋(天荟·万科广场店) , 杉板桥路369号万科天荟1F-014 ,3388,8.8,8.7,8.4,6.35
 甦杏鸡毛店(天府长城店) , 天长路107号 ,3581,8.9,8.6,8.6,6.35
 LELECHA乐乐茶(IFS国际金融中心店) , 红星路三段1号成都IFS地下2层LG255K号 ,8469,8.1,8.1,8.1,6.300000000000001
 土灶人家·柴火鸡(都江堰店) , 聚源镇灌温路869号（张家湾社区旁） ,3794,8.4,8.5,8.3,6.300000000000001
 花图缘烤肉(泛悦国际店) , 长荣路56号泛悦国际外区2栋2楼206室 ,4011,8.3,8.3,8.6,6.3
 张太婆老妈蹄花·川菜馆(太古里总店) , 耿家巷46号 ,9221,8.2,7.9,8.1,6.3
 谦和清心素食(交大店) , 星辰路28号 ,4026,8.5,8.3,8.4,6.3
 明婷饭店(外曹家巷店) , 外曹家巷26号附16号 ,17907,8.1,7.6,7.9,6.250000000000001
 冒椒火辣(奎星楼街店) , 奎星楼街33号（近宽窄巷子） ,24026,8.1,7.7,7.8,6.250000000000001
 Mr·Fish鱼鲜生海鲜放题(银泰in99店) , 天府大道北段1199号成都银泰中心in99L6层612号 ,10768,7.7,8.0,7.8,6.250000000000001
 乐山鲜知味钵钵鸡(草堂北路店) , 草堂北路16号附18号 ,16528,8.1,7.5,7.8,6.250000000000001
 德门荟(太古里店) , 提督街99号恒大广场5层（近太古里、春熙路天府广场） ,2350,8.5,9.1,9.1,6.25
 苏帮主三样菜·江湖川菜(双楠店) , 置信路17号 ,2495,8.8,9.0,8.8,6.25
 爱妻牛排火锅(川音店) , 十二南街1号博济苑内 ,5156,8.5,8.0,8.3,6.25
 川传串传承四川地道串串香(宽窄巷子总店) , 实业街59号附12号（芙蓉花园对面） ,5172,8.3,8.2,8.3,6.25
 南荟里(锦华万达店) , 琉璃路678号翡翠天地（近靠锦华万达） ,2810,8.6,8.8,9.0,6.25
 希尔顿嘉悦里?TC CAFE 御蓉高空餐厅 , 西御街5号成都领地希尔顿嘉悦里酒店31层 ,2414,8.4,9.1,9.0,6.25
 凯菲厅·全日海鲜牛排自助餐厅(成都群光君悦酒店店) , 春熙路南段8号，成都群光君悦酒店15层（春熙路地铁站群光广场） ,2947,8.5,9.1,9.0,6.25
 成都茂业JW万豪酒店·万豪中餐厅 , 东御街19号成都茂业JW万豪酒店7层 ,3508,8.3,8.8,8.7,6.2
 FIELDS AVANT 十域·臻选(悠方店) , 交子大道300号悠方购物中心6层613 ,3587,8.3,9.0,8.5,6.2
 谧寻茶室·素食(博舍酒店) , 笔帖式街81号博舍酒店旁 ,3088,8.3,9.0,8.5,6.2
 小微家·小吃串串集合店 , 金带路17号 ,6211,8.2,8.2,8.2,6.199999999999999
 木屋烧烤(少陵路店) , 少陵路88号尚品康河一楼（88号酒吧旁） ,3266,8.4,8.8,8.4,6.199999999999999
 岳记兴隆·青城腊排铜火锅(创始店) , 观景路483号附16号岷江华庭底商岳记兴隆 ,5953,8.2,8.2,8.2,6.199999999999999
 椒香城门口老火锅(中航店) , 蜀锦路316号2楼 ,4377,8.5,8.3,8.3,6.15
 Silver pot·银锅现代川菜(悠方店) , 交子大道300号悠方ICP写字楼M6座5层532号 ,1918,9.0,9.1,9.1,6.15
 灶门坎烧烤·江湖大排档(太古里店) , 耿家巷44号 ,8594,8.1,7.9,8.1,6.15
 北海海鲜料理(桐梓林店) , 新希望路2号汉易酒店1楼 ,1751,9.1,9.1,9.1,6.15
 画厨CAFE(九方店) , 府城大道中段88号九方购物中心1楼东门108铺（近高新区管委会） ,4064,8.2,8.4,8.6,6.15
 FOOOO light 孚乐里·轻(锦城万达广场店) , 锦城大道666号锦城万达广场1楼1号门入口处（地铁孵化园A出口） ,4458,8.3,8.4,8.3,6.15
 额尔敦传统涮·烧烤(解放路店) , 解放路二段209号 ,4046,8.5,8.3,8.3,6.15
 真鑫·硬派烧烤·烤羊腿(蜀都万达总店) , 檬柏西路137号 ,2122,9.2,9.1,9.2,6.15
 锦城印象火锅(高新天府长城店) , 高新区天顺路88号 ,3658,8.5,8.3,8.3,6.15
 古巴热浪城堡·特色川菜&红酒馆 , 人民南路4段48号附5号首座A座大门 ,1926,9.0,9.1,9.1,6.15
 乔一乔怪味餐厅(东升店) , 金河路艺术公园D座76号（虹升国际酒店西南侧） ,7841,8.1,8.1,8.0,6.15
 享月·汤皇(UPARK公园店) , 富华北路666号UPARK公园B栋2楼 ,2145,9.1,9.1,9.2,6.15
 鮨·天和 Omakase(桐梓林店) ," 桐梓林北路10号(地铁1号线桐梓林站B口500m)（客有疏密,请君提前致电） ",1846,9.1,9.0,9.0,6.15
 嗨岛兔·烤兔兔头四川特产(总店) ," 商业场街1号附87号（王府井隔壁,丛蜀大侠火锅护梯1楼通道直行100米,和光外星人电竞酒店旁） ",8400,8.1,7.9,8.1,6.15
 喜茶(IFS黑金店) , 红星路三段1号成都国际金融中心商场一层L119a及二层L217号商铺 ,11643,7.9,7.9,7.8,6.1000000000000005
 浅喜火锅(中环岛广场C座店) , 天府一街中环岛广场C座2楼 ,2667,8.6,9.1,8.7,6.1000000000000005
 鸡毛店·川菜(沙湾店) , 金沙路57号 ,2647,8.9,8.8,8.8,6.1
 赞酱川式烤肉(吾悦广场直营店) , 桃都大道中段吾悦广场桃花里步行街（2号门200米处） ,2902,8.8,8.4,9.0,6.1
 唯成?韩国炭火烤肉 ???? , 金阳路19号（地铁7号线金沙博物馆D出口前行80米） ,3386,8.6,8.3,8.6,6.05
 竹涟烧肉(天府和悦店) , 万安街麓山大道二段199号和悦广场A馆-3F-24号 ,3299,8.6,8.4,8.5,6.05
 蚝英雄·自助烤蚝(太古里店) , 红星路四段25号附23号二楼 ,5880,8.2,8.1,8.2,6.05
 禅悦素食 , 人民南路四段48号曼哈顿国际首座C座19楼（万丽酒店旁） ,3551,8.3,8.7,8.7,6.05
 卞氏菜根香(天府三街店) , 天府三街19号新希望国际A座2楼 ,3347,8.4,8.7,8.4,6.05
 坝坝老柴房·柴火鸡(西航港店) , 西航港大道二段129号芭蕉园内(百港国际酒店对面) ,8254,8.1,7.9,8.0,6.0
 祥侬国鸡宴?青城樂道苑 , 兴景路2-24号（青城山高铁站对面） ,4311,8.3,8.3,8.3,6.0
 九品风山珍宝酒楼(科华中路店) , 科华中路178号 ,2293,9.1,9.0,8.9,6.0
 IF艺术美学餐厅(太古里店) , 蜀都大道东风路欢墅香里精品酒店 ,1975,8.8,9.0,9.0,6.0
 云门·兰亭(太古里店) , 东风路29号未来中心商场5楼（商场二号门观光电梯直达） ,2192,8.9,9.0,9.1,6.0
 清沐·美学概念私房餐厅(太古里店) , 东风路29号未来中心5楼（商场2号门观光电梯直达5楼餐厅） ,2160,8.8,9.2,9.1,6.0
 仁和春天酒店·春天庭餐厅 , 二环路西二段19号仁和春天酒店3楼 ,2013,8.8,9.1,9.0,6.0
 良木缘咖啡西餐(天府三街店) , 天府三街288号迈普大厦1栋附14号一层 ,2117,8.8,9.1,9.0,6.0
 谢彬肥肠鸡(春熙路店) , 惜字宫南街3号1层 ,12232,7.9,7.7,7.8,5.950000000000001
 悦百味·品质川菜(滨江店) , 杉板桥路龙湖滨江天街5楼17-18号 ,2454,8.7,8.9,8.7,5.95
 BURANO布拉诺西餐(武侯大悦城店) , 大悦路大悦城4楼008号 ,2413,8.8,8.6,8.9,5.949999999999999
 花胶仔·海鲜荟(春熙路店) , 春熙路街道总府路31号z31三楼(皇冠假日酒店旁) ,4639,8.2,8.3,8.2,5.949999999999999
 海椒市串串香(茶店子店) , 茶店子南街2号 ,5314,8.2,8.3,8.2,5.949999999999999
 豪虾传·龙虾馆&烤鱼(春熙路太古里总店) , 东大街下东大街段36号郁金香花园广场2楼（近春熙路） ,5579,8.2,8.2,8.3,5.949999999999999
 巴蜀大宅门火锅(清江东路店) , 清江东路36号 ,5664,8.2,8.1,8.1,5.9
 仁和小院西昌火盆烧烤(时光里店) , 观东一街666号华润时光4栋104号铺 ,2998,8.4,8.4,8.4,5.8999999999999995
 钢管厂五区小郡肝串串香(新华公园总店) , 双林北支路335号（新华公园对面） ,8150,8.1,7.9,7.9,5.8500000000000005
 冒椒火辣(玉林店) , 玉洁巷1号? ,7647,8.1,7.8,8.0,5.8500000000000005
 HYGGE Life·来福 , 芳华街25号附10号 ,4277,8.2,8.5,8.3,5.85
 LYFATTI 莱芙缇(一品天下店) , 一品天下大街399号居然之家1楼（近一品天下大街与安蓉路交叉口） ,3754,8.3,8.6,8.2,5.85
 小東家一骨香(电子科大店) , 建设巷14号附32号1楼 ,3819,8.6,8.1,8.3,5.85
 正反面(总店) , 光华村街66号附3号1栋1层 ,5165,8.1,8.3,8.2,5.800000000000001
 九田家黑牛烤肉料理(航港路店) , 航港路1444-6号万达广场5号门对面 ,2826,8.7,8.7,8.8,5.800000000000001
 红墙记忆·川味小馆 , 长顺下街红墙巷19号附7号 ,2526,8.8,8.4,8.8,5.8
 饭团匠·料理小食堂(玉林店) , 蓝草路34号 ,2927,8.8,8.6,8.6,5.8
 李记称盘牛杂串串(广福店) , 广福路5号附42 ,4570,8.3,8.1,8.2,5.8
 马路边边串串香(盐市口店) , 大业路16号食界PLAZA2层 ,6255,8.1,8.1,8.1,5.750000000000001
 俭让佬妈现卤串串(温江总店) , 两河路西段531号 ,5798,8.1,8.1,8.1,5.750000000000001
 八二小区抄手(建中路店) , 建中路6号 ,6289,8.1,8.1,8.1,5.750000000000001
 简单味道(华阳店) , 华阳街道滨河路二段359号（戛纳湾印象旁） ,3147,8.4,8.5,8.3,5.75
 里院传家菜·小庭院川菜(九眼桥店) , 望江路街道十二中街4号(近致民路七院对面) ,3279,8.4,8.4,8.3,5.75
 多恩餐厅 Dawn Bistro , 东安南路29号 ,3096,8.3,8.5,8.5,5.75
 蜀九香火锅(百花iHome店) , 草堂街道一环路西一段160号(百花潭公园对面) ,5895,8.2,8.1,8.0,5.75
 兰香村土菜馆 , 都江堰景区西街109-111号（董寿平旧居斜对面） ,3372,8.5,8.3,8.4,5.749999999999999
 夹夹大·蟹蟹大排档(339店) , 一环路东三段祥和里54号（近玉双路地铁站） ,8472,8.1,7.6,7.9,5.700000000000001
 宫廷糕点铺 , 草市街街道酱园公所街56号 ,7989,8.1,7.8,7.7,5.700000000000001
 黑竹香鸡(营和巷店) , 营和巷40号（万春腌卤斜对面） ,9241,8.1,7.1,7.6,5.700000000000001
 盘飧市(春熙路店) , 华兴街62-63号（近王府井） ,8982,8.0,8.0,7.9,5.700000000000001
 乐山王屠夫跷脚牛肉(安公路总店) , 安公路二段356-358号 ,8301,8.1,7.8,7.9,5.700000000000001
 子非(宽窄巷子店) , 宽巷子25号 ,2181,8.5,9.1,9.1,5.7
 安格丽娜·狗咖·猫咖羊驼咖(春熙路百盛商场店) ," 春熙路百盛购物中心4楼（从霸王茶姬旁的百盛入口进商场,然后从波司登门口的手扶电梯上4楼） ",4544,8.1,8.3,8.4,5.7
 夹夹大·蟹蟹大排档(财富又一城店) , 马鞍东路56栋附1号（川白楼对面） ,4318,8.3,8.3,8.2,5.699999999999999
 舌尖牧牛·潮汕牛肉(凯德广场店) , 泰山大道凯德乐视界购物商场4楼13号 ,1953,8.8,8.9,8.9,5.699999999999999
 千寿精致料理·寿喜烧(王府井店) , 火车南站街道科华中路2号王府井购物中心4层27号（海底捞斜对面） ,2566,8.7,8.3,8.9,5.65
 山城外·非遗酸菜鱼(春熙路群光广场店) , 春熙路群光广场8楼 ,2354,8.5,8.7,8.7,5.65
 组织向南 , 万象南路669号象南里1栋209、210、211、224号 ,5105,8.2,7.9,8.3,5.65
 马路边边串串香(339店) , 猛追湾街成都339购物中心A座一层145-148号 ,4909,8.2,8.2,8.2,5.6499999999999995
 屋头串串(贝森店) , 光华街道双新南路50-54号(青羊实验小学对面) ,5252,8.2,8.2,8.2,5.6499999999999995
 而绘花园·Bistro & Café (王府井店) , 总府路15号王府井影院9楼屋顶 ,2834,8.3,9.0,8.4,5.6499999999999995
 四方火锅招待所(益州大道店) , 益州大道中段航天城上城613号 ,2375,8.9,8.6,8.5,5.6499999999999995
 饭团匠·料理小食堂(镋钯街店) , 镋钯街67号1楼 ,3065,8.6,8.2,8.4,5.6
 名善山珍·野生菌汤锅(文殊院店) , 二医院对面文殊坊牌坊内侧50米（宫廷糕点铺对面） ,2968,8.4,8.3,8.3,5.6
 集渔·泰式海鲜火锅(龙泉吾悦广场店) , 桃都大道中段吾悦广场4楼4033-4034（近书房站D出口） ,3412,8.3,8.4,8.3,5.6
 醀爐围炉火锅(茂业仁和春天店) , 二环路西二段19号茂业仁和春天百货6楼（进商场售表区4-5号客梯） ,1452,9.1,9.1,9.1,5.6
 漾·19Club , 高新区天府五街1388号花漾锦江B座36-39楼 ,1567,9.0,9.2,9.1,5.6
 协信中心-希尔顿厨艺西餐厅 , 踏水桥西街99号协信中心希尔顿酒店1楼 ,1631,9.0,9.2,9.1,5.6
 泰喜欢·清迈餐厅(桐梓林店) , 桐梓林东路10号(人民南路四段68号锦荣苑1号) ,3412,8.3,8.4,8.3,5.6
 瓦库36号(东郊记忆万科天荟店) , 杉板桥路天荟万科广场1栋7单元2楼1号 ,2176,8.7,9.0,8.8,5.55
 良木缘咖啡西餐(高新九方店) , 天府大道北段88号九方购物中心6号门1楼L111号商铺 ,2233,8.6,9.0,8.8,5.55
 川江滋香老火锅(光明街店) , 光明街470号 ,2022,8.9,8.8,8.7,5.55
 沸腾码头生态公园火锅 , 叠秀路966号 ,3595,8.2,8.5,8.2,5.55
 转转会(会展店) , 世纪城路198号附5956号（1号展馆对面） ,5072,8.1,8.5,7.9,5.500000000000001
 陈麻婆豆腐(金沙店) , 同盛路3号1-4楼 ,4752,8.1,8.3,8.0,5.500000000000001
 無早咖啡 , 青莲上街62号 ,5554,8.0,8.3,8.2,5.5
 岘港·越南料理(悠方店) , 交子大道300号(悠方购物中心5楼L511电影院对面) ,5015,8.2,8.2,8.1,5.5
 龙山烧肉(紫荆店) , 紫荆南路30号 ,2908,8.8,8.3,8.4,5.499999999999999
 昊·来了寿司(双楠一店) , 逸霞街9附3号圣沅汇景新村1幢底商 ,3565,8.9,8.1,8.3,5.449999999999999
 WONDER ICE 萬得冰田(建設店) , 建设中路52号 ,7697,8.0,7.8,7.8,5.400000000000001
 南贝(兴隆湖店) , 天府新区科学城湖畔路西段天府菁蓉中心D区B2号楼（南贝山茶旁） ,1871,8.7,8.8,8.7,5.4
 宝炙星BURGER AUSTINE(桐梓林店) , 桐梓林南路9号附22号 ,4369,8.4,8.0,8.2,5.4
 S+steak house炭烤熟成牛排馆(保利店) , 锦绣路保利中心写字楼A座3楼310室（停车注意事项:保利中心东区A座地下停车场3栋1号电梯2号电梯均可） ,2277,9.0,8.5,8.8,5.4
 卤校长重庆火锅(银泰城店) , 吉泰六路181号一层 ,3999,8.3,8.2,8.2,5.3999999999999995
 花醉·川小馆(成华公园店) , 猛追湾滨河路178号（猛追湾游泳场东大门 ） ,4412,8.1,8.5,8.2,5.3999999999999995
 DF艺术餐厅 , 府青路二段177号8栋2楼203号（近中铁V街销售中心） ,1953,8.4,8.9,8.9,5.3999999999999995
 凉山好汉自助西昌烧烤(科华店) , 跳伞塔街道科华北路60号科华沸城二楼（麦当劳楼上） ,5446,8.2,8.1,8.1,5.3500000000000005
 Ginko银子 , 青龙巷21号附17号 ,4728,8.1,8.2,8.1,5.3500000000000005
 藕王之家养生汤(温江直营店) , 永兴路海天腾逸广场3楼 ,2550,8.5,8.4,8.5,5.35
 DaHuo龘伙·烧烤专门店(桐梓林店) , 桐梓林南路8号1楼 ,2886,8.4,8.6,8.4,5.35
 钢一区伍妹烤鸭(牛市口店) , 得胜上街76号附7号 ,5899,8.1,7.6,8.0,5.300000000000001
 RawHeart Brunch&Bistro(太古里店) , 双桥子街道滨河路50号/望平街145号 ,3147,8.2,8.4,8.3,5.300000000000001
 奈雪的茶(国金IFS PRO店) , 红星路三段1号IFS国际金融中心负一楼109a（地铁D出口处） ,5952,7.9,8.1,8.0,5.300000000000001
 马路边边串串香(玉林店) , 玉洁西街2号附2号（7天优品酒店楼下） ,6343,8.0,8.0,8.0,5.300000000000001
 良木缘·九栖(翡翠店) , 华润路102号翡翠天地2楼 ,1663,8.7,9.1,9.0,5.3
 蓝榭餐厅 LAN XIE(花园城店) , 双燕路西段666号 ,1246,8.8,9.1,8.9,5.3
 匠作羊虾·一家吃好龙虾的店(万象润街店) , 双成三路15号附61-62号 ,1234,8.9,8.9,9.0,5.3
 柴门鱼鲜馆(航空路店) , 航空路6号丰德国际广场1层(新希望路口) ,1154,8.9,9.0,8.9,5.3
 COMMUNE幻师(城南优品道店) , 航港路城南优品道广场2栋一层S102B、S103A ,2956,8.3,8.4,8.2,5.3
 万重锦·人文川菜馆(骡马市店) , 顺城大街289号富力广场2号门1楼(上升街与顺城大街近、交汇处。 ,3186,8.3,8.4,8.2,5.3
 常识咖啡common sense(春熙路店) , 华兴东街4号 ,3170,8.3,8.2,8.4,5.3
 胡桃里音乐餐酒馆·新派宴会·年会团建·派对场地租赁(文殊坊店) , 白云寺街29号 ,3846,8.1,8.4,8.1,5.25
 BURANO布拉诺西餐(金牛凯德店) , 交大路183号凯德广场·金牛F5层 ,1972,8.9,8.6,8.8,5.25
 叼嘴撸串(玉林总店) , 玉林中路19号附1号 ,5259,8.1,8.0,8.1,5.200000000000001
 THE SENSE醒食(九眼桥店) , 宏济中路194号 ,5425,8.1,8.1,8.1,5.200000000000001
 叼嘴撸串(玉林总店) , 玉林中路19号附1号 ,5258,8.1,8.0,8.1,5.200000000000001
 和幸(双楠伊藤洋华堂店) , 逸都路6号伊藤洋华堂5层 ,2314,8.3,8.4,8.4,5.2
 凉山好汉自助西昌烧烤(西门店) , 清溪东路99号荣德体育休闲广场内 ,4832,8.2,7.9,8.1,5.2
 蜀九香火锅(玉林店) , 倪家桥路海联大厦1号楼1楼附3号 ,5459,8.2,8.1,8.0,5.2
 老船舫·现做鲜鱼馆(李家沱总店) , 泰兴路36号附9号 ,2310,8.4,8.5,8.3,5.199999999999999
 红杏酒家(锦华店) , 锦华路一段68号万达广场1号门旁 ,6697,8.0,8.1,7.8,5.150000000000001
 興隆悦烤鸭(金牛区艺术城店) , 马家花园路16号中铁鹭岛艺术城13栋3-4楼 ,1603,8.9,9.0,8.7,5.15
 鑫记婆婆兔·成都特产·兔头手撕兔(太古里店) , 东大街下东大街段10号附2号 ,3558,8.3,8.2,8.3,5.15
 蜜桃家甜点生日蛋糕(太古里店) , 点将台街77号 ,6121,8.0,7.9,8.0,5.15
 蜀九香火锅(九眼桥店) , 望江路街道太平南新街8号 ,3509,8.3,8.3,8.2,5.1499999999999995
 芳香景 , 一环路北一段中铁鹭岛艺术城5号四合院 ,1229,8.7,9.2,8.9,5.1499999999999995
 柠檬花园·泰餐厅(三圣乡店) , 探梅路133号（停车场对面，近停车场） ,3264,8.2,8.7,8.2,5.1499999999999995
 遇见里烘焙·生日蛋糕(高新店) , 高新区万象北路222号附322号（三楼） ,1464,8.9,8.8,8.9,5.1499999999999995
 舒艾Chouette·生日蛋糕·甜品下午茶(太古里店) , 镋钯街35号附1号 ,1957,8.6,8.6,8.6,5.1000000000000005
 鳗七七家庭式鳗鱼料理(水井坊店) , 青和里南段98号院3栋附23号 ,1873,8.5,8.7,8.8,5.1000000000000005
 柴头哥·牛肉火锅(爱民路店) , 爱民路124号附14号 ,4467,8.6,7.8,8.1,5.1000000000000005
 辛厨房 , 高远一路15号7322创意园区B12 ,1956,8.7,8.4,8.7,5.1000000000000005
 成都瓜串串(总店) , 金房苑东路29号 ,3815,8.2,8.2,8.2,5.1
 书芙蓉舒食小火锅(银泰城店) ," 益州大道中段1999号银泰城悦坊8栋3层1号(2号门对面,近汉堡王右侧扶梯)（2号门面对、近汉堡王右侧扶梯） ",2741,8.3,8.5,8.3,5.050000000000001
 泼辣芋儿鸡(玉林店) , 玉林南路48号(成都银行对面) ,4690,8.1,8.0,8.0,5.050000000000001
 小融合1862(大丰店) , 大丰街道互惠大道1-7号 ,2797,8.3,8.4,8.3,5.050000000000001
 牛签签串串香(IFS店) , 红星路四段第一城购物中心3楼 ,4937,8.1,8.1,8.0,5.050000000000001
 花吃嘴儿麻辣烫 , 望平街78号 ,5455,8.2,7.9,8.0,5.05
 禅边小院·私房菜 , 幸福路5号 ,482,9.1,9.1,9.1,5.05
 芙蓉凰花园酒楼 , 光华村街66号附16-17号 ,6178,8.0,7.9,7.7,5.000000000000001
 随和玉厨·私房川菜(天府三街店) , 天府三街266号（绮丽雅酒店电梯上2F） ,1260,8.6,9.0,8.8,5.0
 茹丝葵经典牛排馆(成都IFS店) , 红星路三段1号成都IFS第七层L7048L704LA号商铺 ,1272,8.4,8.8,9.1,5.0
 云荟·Serendipity高空餐厅 , 领事馆路9号保利中心D座12楼（成都银行对面） ,1225,8.4,8.8,9.1,5.0
 Kevin's Laboratory(电子科大店) , 天骄路龙湖时代天街15栋102（马路背面） ,1204,8.7,8.8,8.9,4.999999999999999
 乔一乔怪味餐厅(世纪城店) , 世纪城路198号附3801 ,4108,8.3,8.1,8.0,4.95
 老地方跷脚牛肉牛王府(蜀汉路总店) , 茶店子街道蜀明东巷11号附1号(家乐福旁) ,1968,8.9,8.3,8.4,4.95
 华道钰善阁 , 铁像寺路88号16栋1-8号楼 ,2253,8.2,9.1,8.7,4.95
 老街小牛·坨坨牛肉串串(清江东路店) , 清江东路8号附24 ,4284,8.2,8.1,8.2,4.95
 匠油师傅·川味小馆(宽窄巷子店) , 红墙巷20号附12号 ,2677,8.3,8.3,8.3,4.9
 Let's WaKao瓦烤(华宇广场店) , 上沙河铺街华宇广场商业区3楼15号（麦德龙会员店楼上） ,2559,8.3,8.3,8.3,4.9
 上野樱花·精致料理·烧鸟·寿喜烧(蜀汉路店) , 同善街69号 ,2940,8.5,8.2,8.4,4.9
 鹅毛店(郫都店) , 安民街82号（郫筒地铁站C口步行250米） ,2778,8.3,8.3,8.3,4.9
 玉锦花娇·新派川菜(339店) , 猛追湾横街188号玉锦湾商铺5栋5楼503（世茂玉锦湾2号门旁） ,555,9.0,8.9,9.1,4.8999999999999995
 丑二哥私厨(太古里店) , 望平街133号(顺通河滨公寓地下停车场进出口大门入)4单元8楼801号 ,1029,9.1,8.9,9.0,4.8999999999999995
 马路边边串串香(致民路店) , 致民路48号（近地铁3号线新南门站D出口） ,6775,7.9,7.8,7.9,4.850000000000001
 老黄记手撕烤兔(玉林街店) , 玉林街26号附20号1层 ,6339,7.9,7.7,7.6,4.850000000000001
 星鸿社重庆老火锅 , 菽香里一巷36号 ,6174,7.9,6.7,7.0,4.850000000000001
 钢管厂歆瑞源油卤串串香(春熙路太古里店) , 三圣街33号附5号 ,6390,7.9,7.8,7.7,4.850000000000001
 抿一嘴二孃鸡爪爪(奎星楼店) , 奎星楼街10号附1号 ,5939,7.9,7.6,7.7,4.850000000000001
 刘大姐黄辣丁老字号(新津店) , 蔡湾街124-128号（飞行学院北行400米） ,1432,9.0,8.4,8.8,4.8500000000000005
 喳哇牛油串串(春熙路总店) , 春熙路街道西龙须巷7号(省政府正对面) ,3436,8.4,8.1,8.2,4.85
 宋家黄辣丁砂锅血旺肥肠(新津店) , 花桥街道桥津上街238号(新津机场川藏路老街段) ,3502,8.4,8.0,8.2,4.85
 蜀九香火锅(新会展Art店) , 世纪城路166号西蜀廊桥3栋（近洲际大酒店） ,3045,8.2,8.3,8.2,4.85
 藏炭烧肉屋(建设路店) , 建设路26号建设路第五大道4栋1单元1层3号 ,3286,8.3,8.2,8.2,4.85
 YECLIP COFFEE 黄色回形针咖啡 , 镋钯街77号 ,1700,8.7,8.4,9.0,4.85
 蓉和妈妈菜·巴山蜀水(双流锦镇店) , 航鹰东路86-112号（锦镇香墅29栋底商） ,3104,8.2,8.3,8.2,4.85
 23 TWENTY THREE EATERY , 交子大道500号誉峰遇见B座B-135号 ,1260,8.8,8.4,8.9,4.85
 清真·牛不比火锅(建设路店) , 建设路53号附7号 ,2227,8.5,8.7,8.3,4.800000000000001
 禅泉冰粉(奎星楼店) , 吉祥街8号附4号 ,4552,8.2,8.1,8.1,4.800000000000001
 百姓百味民间拿手川菜(锦门店) , 承顺街17号锦门景区 ,1817,8.4,8.4,8.5,4.8
 百姓百味民间拿手川菜(华阳店) , 天府新区华阳街道滨河路二段368号 ,1800,8.5,8.5,8.5,4.8
 Janvier一月 , 二环路西二段12号1层19号 ,1935,8.5,8.3,8.8,4.8
 FATIM花甜生活·生日蛋糕 , 水碾河南三街37号U37创意仓库9栋4楼2号 ,2236,8.5,8.3,8.6,4.8
 COMMUNE幻师(川大店) , 科华北路58号附一2栋2楼(沃尔玛超市往西20米) ,2277,8.4,8.6,8.4,4.8
 味之绝美蛙鱼头(温江店) , 南浦路西段127、129号 ,2269,8.5,8.4,8.4,4.8
 加饮PlusIn咖啡(太古里店) , 东大街下东大街段88号 ,3697,8.1,8.0,8.2,4.8
 壹小馆.皇城老妈(成都太古里店) , 东顺城南街成都太古里东里2层2331 ,4771,8.0,8.2,7.9,4.750000000000001
 牛房Beefun餐酒馆 , 滨江东路172号附8号 ,879,8.9,8.9,9.1,4.75
 一个勺子新疆锡伯主题私房菜(红墙巷49号院店) , 长顺下街红墙巷49号附8号 ,2348,8.3,8.4,8.2,4.75
 COMMUNE幻师(电视塔店) , 猛追湾街94号339A栋西门沿河一层G110-111号 ,2549,8.3,8.4,8.2,4.75
 老房子华粹元年花园餐厅(天府三街店) , 天府三街888号（大源中央公园南区商业） ,1462,8.3,9.0,8.8,4.7
 漾亚·雍雅合鲜(桐梓林店) , 桐梓林东路1号附1号 ,1467,8.5,8.9,8.8,4.7
 YUMWONG彦火蛋糕 , 紫竹中街65号 ,1279,8.9,8.6,8.7,4.7
 眷蜀冰社·手工冰粉 , 奎星楼街23号附1号 ,4263,8.1,8.0,8.1,4.65
 巴蜀大宅门火锅(新华公园店) , 双桥子街道新鸿南路75号(近新华公园后门) ,4177,8.2,8.0,8.0,4.65
 城墙边私房菜(宝瓶巷店) , 灌口街道宝瓶巷48-49号（宝瓶巷旁边的城墙巷子） ,1782,8.4,8.3,8.4,4.65
 FUSION COFFEE馥饮咖啡(九眼桥店) , 金泉街48号附4号 ,1969,8.4,8.3,8.4,4.65
 首泊.SoBomb Restaurant&Bar(花牌坊店) , 花牌坊街40号无里创意园A栋一楼 ,1901,8.3,8.6,8.4,4.6499999999999995
 熔岩·东南亚料理 , 天府大道南段1163号大城际旁（子集负一楼） ,1869,8.3,8.6,8.5,4.6499999999999995
 红杏酒家(锦城店) , 中环路一品天下大街段13号 ,4952,8.0,8.0,7.8,4.600000000000001
 龙户人家串串香(外双楠店) , 双安东巷1号附5号 ,5295,8.1,7.8,7.9,4.600000000000001
 WaKao瓦烤·宜宾烧烤(天府长城店) , 天顺路215号（近红旗连锁） ,2294,8.3,8.0,8.4,4.6
 Vito’s Thai Restaurant , 桐梓林路3号附9-10号1层 ,811,9.1,8.4,9.0,4.6
 南山木槿韩国料理·烤肉(蜀汉路店) , 同善街65-67号 ,2868,8.3,8.1,8.4,4.6
 炙木烤肉·酒(桐梓林店) , 桐梓林南路9-附3号 ,754,8.9,8.7,9.1,4.6
 铁猪美式烤肉(桐梓林店) , 桐梓林南路9号-附24、25号 ,2872,8.2,8.3,8.3,4.6
 醒食 RAND(成都太古里店) , 中纱帽街8号太古里东广场M层M049号（近百丽宫影城） ,3288,8.2,8.2,8.2,4.55
 宽来火锅(南站公园店) , 成汉北路100号（南站公园内） ,3122,8.0,8.6,8.2,4.55
 昊·来了寿司(双楠2店) , 逸霞街圣沅汇景新村2栋底商 ,3478,8.5,7.9,8.1,4.55
 SEWING MACHINE , 双桥路151号附3号 ,3884,8.2,7.8,8.1,4.500000000000001
 金楼阁茶室(科华店) , 郭家桥西街8号 ,2015,8.2,8.8,8.3,4.5
 漫度时光餐厅·宝宝宴·婚礼·求婚·生日·团建会议(三圣乡店) , 幸福梅林幸福路9号 ,783,8.6,9.0,8.6,4.45
 青三椒怪味鱼(高升桥店) , 高升桥东路30号6栋附3号（5号线科园A3口30米） ,2633,8.3,7.9,8.4,4.45
 锅盖烤肉(大源店) , 南华路1469号（原大源锅盖烤肉搬至此） ,2591,8.5,7.9,8.3,4.449999999999999
 重庆三甲火锅 , 盛兴路307号 ,3138,8.2,8.2,8.1,4.4
 一叶一世界藏茶素火锅(华阳店) , 华府大道一段2号景茂城果2栋1单元3楼301号（海伦酒店三楼，近左岸花都） ,3469,8.1,8.2,8.2,4.4
 瓦库21(铁像寺水街店) , 天府一街699号铁像寺水街内（马格啤酒馆，高升桥） ,1501,8.4,8.8,8.3,4.4
 谦和清心素食(五大花园店) , 晋吉东二街88号 ,1273,8.6,8.4,8.5,4.3999999999999995
 柴嘞个柴·狗咖·猫咖 ," 建设路钻石广场A座1222（12楼22号,入口在瑞幸咖啡里面） ",1155,8.3,8.6,8.9,4.3999999999999995
 山下人家·土砂锅腊排馆(青城山店) , 双钟街6号 ,2983,8.2,8.1,8.2,4.3999999999999995
 转转会(莲桂店) , 牛市口街道莲花南路27号(近龙舟路派出所) ,2989,8.1,8.3,8.0,4.3999999999999995
 御厨阁·泉水蒸汽石锅鱼(总店) , 天府新区华阳街道和平路52号、54号 ,3063,8.2,8.1,8.2,4.3999999999999995
 道家秘制酸汤鱼(青城山总店) , 青雨二巷9号 ,2249,8.4,8.2,8.4,4.3500000000000005
 银杏金阁(锦里店) , 少城街道锦里中路2号(彩虹桥路口) ,4527,8.0,8.2,8.0,4.35
 夏威夷 ·全球海鲜姿造(高新店) , 石羊街道益州大道北段777号中航国际交流中心B座2楼(锦尚西一路327号) ,5330,7.7,7.8,7.8,4.300000000000002
 刘仟万私房菜 , 万寿桥路清江雅舍b座14栋 ,1090,8.7,8.8,8.7,4.3
 周丹丹原味烧烤(峰度天下店) , 剑南大道中段555号附113号 ,2854,8.2,8.3,8.2,4.3
 独食火锅·半米屋台(直营总店) , 树德里1号附10号（滋味烤鱼旁边） ,1140,8.4,8.4,8.4,4.25
 汪柴喵·猫咖狗咖·奶狗奶猫·阿拉斯加·缅因·桌游剧本杀(太古里IFS春熙路店) , 红星路三段第一城A座10楼4-6号（春台市锦集市内前行20米右边） ,1582,8.3,8.4,8.6,4.25
 不二隐庐·商务包间·婚礼(三圣乡店) , 三圣街道幸福路联合四组321号（幸福路与时蔬路交口北100米路西） ,1664,8.3,8.7,8.4,4.25
 壹代·韩式炭火烤肉(空港店) , 珠江路空港国际城一期路面停车场七天连锁酒店旁（地下停车场方向） ,1193,8.4,8.3,8.6,4.25
 酥香门弟锅盔凉粉(耿家巷店) , 耿家巷4号 ,3471,8.3,7.8,8.1,4.25
 晓靖轩烧烤(沙河风情店) , 府青路街道泰兴路36号附12号（李家沱地铁站D口步行470米） ,3986,8.2,7.8,7.9,4.200000000000001
 脍脍料理(祥和里店) , 一环路东三段祥和里253号 ,4034,8.2,7.6,7.9,4.200000000000001
 厘途·LittleTravel(猛追湾店) , 双桥子街道滨河路20号 ,4109,8.0,8.1,8.0,4.2
 邓记新一代糖油果子(四川煤管局供销公司职工宿舍店) , 少城街道三道街2号附4号(近长顺下街小区西侧) ,3738,8.1,7.7,8.0,4.2
 银芭·工作室 , 湖畔路北段天府新区科学城天府菁蓉中心A区湖边商铺1013号 ,1911,8.2,8.4,8.3,4.199999999999999
 厘途·LittleTravel(宽窄店) , 斌升街24号附1号 ,2488,8.1,8.3,8.2,4.15
 潮森源汕头鲜牛肉火锅店(爱民路店) , 荷花池街道爱民路126号10栋 ,2845,8.6,7.9,8.1,4.15
 半边面馆(春熙路店) , 新半边街6号附11号（雷影照像馆对面） ,2431,8.2,8.0,8.3,4.15
 解香·浣花(杜甫草堂店) , 浣花滨河路47号（距宽窄巷子2.5公里）（杜甫草堂旁） ,1020,8.4,8.8,8.7,4.15
 昊·来了寿司(西村店) , 贝新巷129号（西村1号楼对面） ,2318,8.4,8.0,8.1,4.15
 派立方聚会馆PARTY CUBE(高新招商花园城店) , 天韵路成都招商花园城1栋5楼14号、34号商铺 ,966,8.3,9.0,8.7,4.15
 双流冯记老妈兔头·江湖菜(青石桥总店) , 青石桥北街3号（四川特产旁） ,3544,8.1,8.0,8.1,4.1000000000000005
 富贵老火锅(万象城店) , 双林南支路10号附9号 ,2989,8.1,8.0,8.1,4.1000000000000005
 闻酥园(大慈寺店) , 大慈寺路32号附2号 ,3243,8.2,8.0,8.0,4.1
 kurokii黑酒(科华北路店) , 锦苑巷16号（好又鲜水果店右侧） ,1354,8.3,8.5,8.4,4.1
 蓉荣·北大铺盖面(总店) , 解放路二段2号附4号 ,4356,8.1,7.7,7.7,4.05
 WHEAT&BAKER-麥(凯德来福士店) , 人民南路四段3号来福士广场1层（1019号商铺旁边通道进入） ,2807,8.2,8.2,8.2,4.0
 辛厨房·辛悦 , 琉璃路8号翡翠里3栋2号 ,705,8.2,8.9,9.0,4.0
 蜗牛翻糖定制蛋糕SnailCake(宽窄巷子店) , 方池街22号附3号（人民公园地铁站D口步行440米） ,479,8.6,8.4,8.7,4.0
 树下zakka , 望福街14号 ,1577,8.3,8.3,8.4,3.95
 野营烤肉韩国料理OUTDOOR BBQ(总店) , 西大街84号金色夏威夷1楼150号 ,1565,8.4,8.2,8.7,3.95
 薛涛院子里·中餐茶艺(三圣乡店) , 三圣乡幸福梅林幸福西路路口 ,1537,8.3,8.9,8.2,3.9499999999999997
 Pause Coffee Express(太古里店) , 玉成街14号附6号（太古里停车场出入口旁巷口进） ,1816,8.3,8.1,8.3,3.9
 银芭1986(麓镇店) , 麓山大道二段18号麓镇1栋 ,2037,8.1,8.3,8.3,3.9
 ALICE梦幻甜点屋(仁和新城店) , 府城大道西段仁和春天国际广场B座写字楼7楼708号 ,674,8.5,8.5,8.8,3.8500000000000005
 短笛Piccolo Coffee(宽窄巷子店) , 东胜街5号附7号 ,2456,8.1,8.2,8.2,3.8500000000000005
 遇见你·创意私房菜(桐梓林店) , 桐梓林北路2号 ,466,8.6,8.4,8.5,3.8499999999999996
 casamosaico卡萨马可意大利餐厅 , 人民南路四段48号首座商业区2楼附208/209号（中国银行正背后2楼） ,479,8.3,8.5,8.9,3.8499999999999996
 梨巴家PearBa·定制生日蛋糕 , 金雁路36号附20号 ,330,8.7,8.4,8.5,3.8499999999999996
 歆瑞源油卤串串(海椒市店) , 海椒市东街35号 ,2972,8.2,7.6,8.0,3.8
 三浮冰事·舒芙蕾(较场坝店) , 较场坝东街109号 ,3424,8.1,7.9,8.0,3.8
 羿庭·大堂吧(华尔道夫酒店) , 天府大道北段1199号华尔道夫酒店49楼 ,1493,8.2,8.6,8.5,3.8
 黑天鹅蛋糕 · 下午茶(新希望店) , 新希望路7号(奥克伍德酒店旁边) ,1708,8.2,8.4,8.5,3.8
 牛牛和牛寿喜锅·和牛自助火锅(银泰城1.0店) , 益州大道中段1999号银泰城悦坊2栋二层218、205（杨国福麻辣烫楼上） ,1923,8.4,8.0,8.2,3.7500000000000004
 斗牛潮汕牛肉火锅(宽窄巷子店) , 西二道街18号附18号 ,2044,8.4,8.1,8.2,3.7500000000000004
 孙記碳火烤羊腿(成都首店) , 贝森路308号一层19号（近张记牛杂火锅原清江农贸市场） ,2095,8.4,8.1,8.2,3.7500000000000004
 老成都三样面(过街楼街店) , 过街楼街46号附6号、附8号（芙蓉饭店正对面） ,3695,7.9,7.8,7.8,3.75
 杨三孃跷脚牛肉(橡树林店) , 橡树林路113号（近橡树林东路十字路口） ,1768,8.6,8.0,8.1,3.75
 韩国味亲烤肉(石油大学店) , 正因南街西八巷19号 ,2404,8.1,8.0,8.2,3.7000000000000006
 隐庐·古法川菜(高新店) , 盛兴街57号隐庐酒店一楼 ,1085,8.3,8.5,8.7,3.7
 半甜CAKE定制烘焙(高新店) , 智地哥谭2栋3单元1002号 ,498,8.4,8.3,8.6,3.7
 南汇57 , 人民南路四段57号（天府立交桥下，米乐星KTV南门背后） ,846,8.3,8.6,8.6,3.7
 八百雲日料(红星路店) , 红星路一段35号附1号A1号楼1层红星路三十五号创意产业园1楼 ,837,8.5,8.3,8.7,3.7
 焱味·邱金(科华路店) , 长荣路56号泛悦国际2栋-F2-005号 ,2809,8.2,8.0,8.1,3.7
 朱大嘴肥肠豆汤(福字街店) , 福字街2号 ,2398,8.5,7.8,8.0,3.6999999999999997
 闲亭(峨影店) , 清江东路360号 ,2869,8.0,8.7,7.9,3.6999999999999997
 S Kitchen偲厨 , 交子大道悠方购物中心2楼201号 ,1495,8.1,8.5,8.5,3.6500000000000004
 顺江味道 , 海昌路59-61号 ,1338,8.4,8.3,8.2,3.6500000000000004
 全渔村小排档(祥和里店) , 猛追湾街道祥和里65号 ,1684,8.5,8.1,8.5,3.6500000000000004
 BLUE HILL蓝色山丘 , 置信路57号附62号 ,1724,8.2,8.4,8.3,3.65
 杨师傅糖油果子(吉祥街店) , 吉祥街44号附1号 ,3062,8.1,7.8,8.0,3.65
 满山盘盘烤肉(文星总店) , 川大路三段65号-67号-69号 ,3261,8.0,7.9,8.1,3.6499999999999995
 慢作WORKTOP(丽都路店) , 丽都路6号附4号 ,1798,8.1,8.2,8.3,3.6
 李歪歪纸包鱼(天府新区店) , 华府大道二段99号 ,1820,8.3,8.1,8.2,3.6
 面包谷Grains n'Beans(桐梓林店) , 桐梓林路6号（世纪锦苑西门对面，梓楠餐厅及肉集旁边，临街门面） ,2274,8.1,8.3,8.2,3.6
 悦哉·派对·草坪婚礼·围炉煮茶(三圣乡店) , 幸福梅林景区幸福路53号 ,1097,8.3,8.7,8.3,3.55
 鹅煮管·火宫私家食府(总店) , 琉璃路1641号 ,2919,8.3,7.7,8.0,3.55
 NOMNOM 东南亚餐·西餐 , 益州大道中段1999号银泰城悦坊7栋1楼附25号（庙东排骨旁） ,1602,8.4,8.1,8.3,3.5000000000000004
 渺秒海鲜大排档(双楠广福店) , 广福路9号附18号 ,1288,8.3,8.2,8.3,3.5
 邓氏兔头 , 荷花池街道一环路北二段102号西侧(近白马寺) ,3148,8.1,7.7,7.9,3.5
 蜀串香厕所串串总店 , 蜀汉街10号附1号 ,3072,8.1,7.7,7.9,3.5
 去茶山(太古里手艺店) , 中纱帽街8号成都远洋太古里西里2层2107 ,2950,7.9,8.1,7.9,3.4999999999999996
 去茶山(太古里手艺店) , 中纱帽街8号成都远洋太古里西里2层2107 ,2950,7.9,8.1,7.9,3.4999999999999996
 中介食所云南烧烤(玉林店) , 超洋路17号 ,1849,8.2,8.2,8.2,3.45
 私串居酒屋(大世界商业广场店) , 紫竹北街85号家乐福大世界商业广场1层31号 ,2365,8.1,8.0,8.0,3.4000000000000004
 牛宝贝养生黄牛肉(武侯立交桥店) , 武侯大道顺江段27号附8号（武侯立交桥旁） ,655,8.4,8.3,8.3,3.4
 浮光之丘MontCake蛋糕(花牌坊店) , 花牌坊街40号A栋二楼203 ,624,8.3,8.3,8.5,3.3999999999999995
 盧匠日料 , 锦烨路122号1层锦晖小学金融城校区东南门对面 ,689,8.3,8.3,8.4,3.3999999999999995
 陶记蛋烘糕·冰粉(武侯祠总店) , 武侯祠大街180号附38号 ,1594,8.3,8.0,8.3,3.35
 聚悉地餐馆素食自助餐 , 华府大道一段益州国际广场三楼1-3号 ,3055,7.8,7.9,7.8,3.3499999999999996
 钢管厂五区小郡肝串串香(太古里店) , 天祥街16-18号 ,3333,7.9,7.9,7.8,3.3499999999999996
 永盈福喜·广州味道(春熙店) , 联升巷66号汇熙广场4楼（匠铸楼上） ,1851,8.1,8.2,8.2,3.3000000000000003
 乐山食古香跷脚牛肉 , 长城路一段187号 ,1817,8.2,8.1,8.2,3.3000000000000003
 张七贵的芋儿肥肠鸡(三瓦窑长乐佳苑店) , 三瓦窑街三瓦窑商业街3楼304-306号 ,2290,8.2,7.8,8.3,3.3
 云门锦翠(商鼎国际店) , 火车南站街道人民南路四段27号商鼎国际1号楼2F-3F(凯宾斯基酒店斜对面) ,876,8.2,8.5,8.5,3.25
 DearCake 黛点心(花牌坊店) , 王家巷25号三楼307? ,950,8.3,8.3,8.3,3.2499999999999996
 日光浮酥(双楠店) , 逸霞街9号附45号 ,1493,8.3,8.2,8.2,3.2
 白孚孚by一行蛋糕铺 , 青龙横街37号5栋3单元1楼3号 ,1389,8.2,8.3,8.2,3.2
 攀枝花·任德琼·盐边羊肉米线 , 正北下街98号（城市丽景酒店东北20米） ,3184,7.7,7.3,7.5,3.1999999999999997
 花水湾红太阳牛肉汤锅(温泉正街店) , 温泉正街34-36号 ,3227,7.7,7.6,7.7,3.1999999999999997
 吴三孃河坝卤菜总店 , 观景路572号 ,1897,8.2,8.0,8.1,3.1500000000000004
 渣女老火锅(总店) , 海椒市街60号附40号（人和苑东南门南10米） ,2750,8.1,7.8,8.0,3.1
 GOODSAUCE CAFE(滨江路店) , 滨江东路158附2号 ,773,8.2,8.4,8.3,3.1
 鱼桥巷·美学川菜 , 清江东路360号(峨影停车场旁)（鱼桥巷） ,794,8.1,9.0,8.2,3.1
 无肉不欢 , 锦华路万达广场（一号门北侧） ,244,8.5,8.1,8.4,3.0999999999999996
 翠玲珑CUI(万象南路店) , 石羊街道万象南路669号(象南里1栋) ,915,8.1,8.4,8.4,3.0999999999999996
 天丼王·和食料理(太古里店) , 东大街下东大街段328号东方时代商城中庭51号（何师烧烤与卤力拼火锅中间通道走进去） ,1008,8.3,8.2,8.4,3.0999999999999996
 王婆荞鲜鱼自助火锅(蜀汉路店) , 蜀汉路89号附141号 ,1449,8.3,8.0,8.2,3.0500000000000003
 黄哥江油肥肠·川菜(较场坝店) , 锦官驿街道较场坝东街59号(十七中对面)距东门大桥站C口步行430米 ,1714,8.4,7.9,8.2,3.0500000000000003
 独食火锅·半米屋台(广都店) , 悦和二街49-51号 ,1598,8.1,8.2,8.3,3.05
 素斋(香园店) , 文殊院街6号（文殊院香园内心香二楼） ,2048,8.0,8.3,8.0,3.0
 斗牛潮汕牛肉火锅(华阳直营店) , 正北下街213号-217号（伏龙大桥与正北下街交叉口西南150米） ,1947,8.2,8.0,8.0,3.0
 徐记君味老火锅(双林中横路总店) , 双林中横路33号 ,2729,8.1,7.8,7.8,2.95
 拈一筷子·宜宾江湖菜(总店) , 碧云路126号 ,2344,8.0,8.0,7.8,2.9499999999999997
 彼德西餐厅(悠方店) , 交子大道300号悠方购物中心4楼445号 ,1260,8.2,8.2,8.2,2.9000000000000004
 吾福食肆烧肉酒场(双楠店) , 广福桥西街1号附51号 ,1735,8.1,8.1,8.0,2.8499999999999996
 新疆艾力达达美味(马新路店) , 马新路美丽点会所5号底商（金花地铁站C口对面） ,1731,8.3,7.4,7.7,2.8499999999999996
 我的四季意大利餐厅(春天百货店) , 二环路西二段光华村街仁和春天百货c座2楼（好利来转角） ,631,8.1,8.2,8.6,2.8
 茶百道(太古里店) , 锦官驿街道东糠市街35号(太古里、春熙路、大慈寺) ,2408,8.0,7.9,7.9,2.8
 Haru·Bistro 餐酒馆(桐梓林店) , 紫竹北街85号大世界商业广场3街区私串隔壁 ,526,8.2,8.2,8.4,2.8
 蜜桃家甜点生日蛋糕(世纪城店) , 益州大道中段1999号18栋245号 ,1596,8.2,8.0,8.2,2.7500000000000004
 黑石香村柴火鸡 , 正兴街道钓鱼嘴社区1组35号 ,1566,8.5,7.7,8.1,2.75
 陈记爷爷婆婆蛋烘糕(还玉苑店) , 玉林东路9号（近玉林四巷还玉苑门口） ,2111,8.1,7.7,8.1,2.7
 猪事顺利猪咖狗咖 , 广福桥巷6号附16号商铺 ,897,8.1,8.2,8.5,2.6500000000000004
 麓山安珀酒店-麓咖啡西餐厅 , 麓山大道二段18号麓山小镇云山路1号 ,409,8.1,8.4,8.2,2.65
 锦味鲜·六样菜 , 翠柳湾支路8号 ,1073,8.4,8.0,8.2,2.65
 周记PASTRY新中式糕點(海椒市街店) , 海椒市街12号附9号（公交车站背后） ,2947,8.0,7.8,7.8,2.65
 李氏豆花庄(青城山店) , 香楠路10号 ,2911,7.9,7.7,7.9,2.65
 千香引铁盘烤肉(贝新巷店) , 贝新巷47号 ,406,8.5,8.0,8.2,2.65
 中介食所云南烧烤(猛追湾店) , 猛追湾街60号附21号 ,920,8.3,8.2,8.2,2.65
 川西火焰山西昌火盆烧烤(郫县店) , 中信大道三段花样年龙年国际斜对面 ,1242,8.2,8.1,8.1,2.6000000000000005
 茉柑橘MOLLY&CLEMENTINE(宽窄巷子店) , 小南街109号附13号（文思巷） ,1647,8.2,8.1,8.1,2.6000000000000005
 Kion暖暖面包屋(高新店) , 桂溪街道富华北路335号 ,1277,8.1,8.1,8.2,2.6
 西昌老号李小肠特色烧烤园直营店(清水河店) , 机投镇河滨路万寿村一组 ,1913,8.1,7.9,7.9,2.55
 彼德西餐厅(桐梓林东路店) , 桐梓林东路12号 ,2148,8.0,8.1,8.0,2.55
 熟地当归(新南门店) , 致民路34号附25号（十五中街） ,766,8.1,8.2,8.3,2.5
 陈记小凤鲜芋儿鸡(大丰店) , 华美街44、46号 ,612,8.3,8.0,8.2,2.5
 长颈鹿Giraffe , 芳草东街63号 ,678,8.1,8.2,8.3,2.5
 OrangeTree甜橙树 , 柳南二路41号（近西南财经大学东门） ,640,8.1,8.3,8.2,2.5
 Secret Coffee JAY音乐主题店(悦熙广场店) , 青城路上善熙悦熙广场183号 ,470,8.2,8.0,8.3,2.5
 大象厨房(圣桦城店) , 内蒙古大道888号圣桦城商业街B1栋208-209号 ,1631,8.1,8.1,8.1,2.45
 雷堂豆花甜品(华润二十四城店) , 双成三路15号附111号 ,1274,8.1,8.0,8.1,2.45
 TOAST HOUSE吐司房子(摩方店) , 交子大道500号成都摩方购物中心1楼102号 ,1260,8.2,7.9,8.1,2.45
 不二山房 , 天府新区新兴街道茅香村6组201号 ,1413,7.8,8.3,8.0,2.4499999999999997
 巷巷火锅 , 北书院街与蓥华寺街交叉口南50米 ,2229,8.1,7.8,7.9,2.4
 白老板的嘿店 , 逸都路29号附95号 ,2049,7.9,8.0,7.9,2.4
 香味面(祥和里店) , 祥和里136号（近天祥街） ,1861,8.1,7.5,7.9,2.4
 蜜桃家甜点生日蛋糕(双楠店) , 广福桥正街2号附22号 ,643,8.2,8.2,8.2,2.35
 松云泽 , 琉璃路8号翡翠里2-8号 ,921,8.2,8.2,8.2,2.35
 杰森小馆(宽窄巷子店) , 仁厚街23号附5号 ,739,8.2,8.2,8.2,2.35
 会飞的鸡Flyingchicken(成华店) , 建设路优客奥莱B1层4A室 ,1671,8.2,7.9,8.0,2.3
 拂晓山房·私房川菜(高新红唐店) , 天府大道中段1388号成都红唐购物中心1号门2楼（地下停车场负三楼1号电梯厅上2楼左转） ,1624,7.8,8.3,7.9,2.3
 南门精酿·西餐吧(桐梓林店) , 桐梓林南路8号附8号1-1幢1层1号 ,1238,8.0,8.2,8.0,2.15
 昊·来了寿司(华府大道店) , 天府大道南段138号1层 ,1736,7.8,7.6,7.6,2.1
 春耕野菜馆(华阳店) , 滨河路一段139号 ,1894,7.8,7.7,7.7,2.1
 拾间恰好巷口串串 , 天骄路112号龙湖时代天街5栋2楼213号（全季酒店斜对面小巷子里） ,997,8.1,8.1,8.2,2.05
 8695Cake 蛋糕(成都店) , 东大街锦东路段一环路东五段108号 ,387,8.1,8.1,8.2,2.05
 堂玉春娇(龙湖店) , 合信路龙湖时代天街17栋1楼（近书亦烧仙草） ,514,8.1,8.1,8.2,2.05
 LA LIBERTE自由烘焙·咖啡 , 通宝街219号2栋2楼213号 ,756,8.2,8.0,8.1,2.05
 三山两田新疆菜(天荟·万科广场店) , 杉板桥路万科天荟一栋二楼18号 ,1487,7.9,8.1,8.0,2.0
 Molee·泰府(东郊店) , 建设南路东郊记忆东大门36栋 ,1514,7.9,8.0,8.0,2.0
 Panda Queen(成都店) , 武晋路1444号 ,1638,8.0,8.0,8.0,2.0
 竹海听涛生态山庄 , 白头镇重庆路大雨村6组6号(近读书台道观) ,748,8.0,8.3,8.0,1.9000000000000001
 花雕醉鸡(电子科大店) , 合作路89号19栋1层附109号 ,683,8.1,8.0,8.1,1.9
 醉月城西昌火盆烧烤(四川总店) , 燕兴路燕塘小区B区北 ,1476,8.1,7.8,7.9,1.8499999999999999
 晏记石锅苗苗鱼·老字号(三道堰总店) , 柏条河二段83-85-87号 ,1451,8.1,7.8,7.9,1.8499999999999999
 夜食乐山·江湖菜(牛市口直营店) , 海椒市横街38号 ,1699,8.1,7.5,7.8,1.8499999999999999
 蜀西火焰山西昌火盆烧烤(芽庄花园店) , 绕城大道芽庄花园内 ,538,8.1,8.0,8.0,1.75
 B·HOUSE亲子烤肉自助餐厅·生日宴·围炉煮茶(三圣乡店) , 三圣街道红砂村联合一组37号（杜英路北） ,697,7.8,8.2,8.0,1.6
 将个烂就麻辣烫 , 马河湾巷马河湾小区1号附27号 ,787,8.0,8.0,8.1,1.5999999999999999
 火焰山西昌火盆烧烤(双流总店) , 珠江路600号3栋附145 ,1597,8.0,7.7,7.8,1.5499999999999998
 焖烤大叔·烧烤羊肉串 , 金园街231号 ,435,8.0,7.9,8.0,1.3
 渺秒海鲜大排档(金沙同盛店) , 同盛路1层35、37号 ,1012,8.0,8.0,7.8,1.2999999999999998
 清泰园庭院火锅 , 永安路二段51号 附1号（清泰休闲庄后院） ,840,7.9,8.0,7.7,1.2999999999999998
 自贡扛霸子鲜锅兔(温江店) , 乐善路34号千禧河畔A区2号门 ,786,7.9,7.7,7.9,1.0
 玉垒阁 , 观景路793号 ,299,7.7,7.8,7.8,1.0
 仲夏龙蒿·花园西餐厅·清水河公园店 , 西三环路三段辅路清水河公园旁 ,15,7.3,7.5,7.4,1.0
 TwoFat汁味烧烤 , 凤溪大道中段104号 ,844,7.9,7.3,7.5,1.0
 桂花田园休闲庄 , 德源镇平城村一组307号 ,168,7.4,7.3,7.5,1.0
 西昌火盆炭烤香猪(总店) , 学府路一段55号 ,794,8.0,7.6,7.9,1.0
 泰合素食(双流店) , 东升镇棠湖西路一段26号 ,1057,7.7,7.7,7.6,1.0
 香菇秦肥肠(新华社区店) , 双林北支路新华社区北区29栋新鸿菜市场内 ,529,7.9,7.2,7.7,1.0
